[
    {
        "day": "Monday",
        "open": "",
        "close": ""
    },
    {
        "day": "Tuesday",
        "open": "",
        "close": ""
    },
    {
        "day": "Wednesday",
        "open": "",
        "close": ""
    },
    {
        "day": "Thursday",
        "open": "",
        "close": ""
    },
    {
        "day": "Friday",
        "open": "",
        "close": ""
    },
    {
        "day": "Saturday",
        "open": "",
        "close": ""
    },
    {
        "day": "Sunday",
        "closed": true
    }
]